{"cameraMode":{"drawMode":0,"name":"Shaded","section":"Shading Mode"},"sceneLighting":true,"audioPlay":false,"sceneViewState":{"showFog":true,"showMaterialUpdate":true,"showSkybox":true,"showFlares":true,"showImageEffects":true,"showParticleSystems":true},"in2DMode":false,"pivot":{"x":-3.345935344696045,"y":1.792983055114746,"z":1.8346176147460938},"rotation":{"x":-0.22686316072940827,"y":0.14025527238845826,"z":-0.03303426876664162,"w":-0.9632083773612976},"size":10.15569019317627,"orthographic":false}