{"cameraMode":{"drawMode":0,"name":"Shaded","section":"Shading Mode"},"sceneLighting":true,"audioPlay":false,"sceneViewState":{"showFog":true,"showMaterialUpdate":true,"showSkybox":true,"showFlares":true,"showImageEffects":true,"showParticleSystems":true},"in2DMode":false,"pivot":{"x":-1.83721923828125,"y":2.082159996032715,"z":2.433988332748413},"rotation":{"x":-0.22686316072940827,"y":0.14025527238845826,"z":-0.03303426876664162,"w":-0.9632083773612976},"size":15.517781257629395,"orthographic":false}